insert into vendedor
    (nome, SalarioFixo, FaixaComissao)
Values 
    ('João', 2300.33, 'B'),
    ('Roberto', 2500.00, 'A'),
    ('Claudio', 5000.22, 'C'),
    ('Cleiton', 4155, 'B'),
    ('Abrair', 2455, 'B'),
    ('Jefersson', 1400, 'D'),
    ('Jonathan', 1550, 'D'),
    ('Pitongo', 14000, 'A'),
    ('Abuquerque', 2400, 'D'),
    ('Enzo', 8400, 'A'),
    ('Valentina', 2340, 'C'),
    ('Michele', 3400, 'C');

insert into cliente
    (CodCliente, Nome, Endereco, Cidade, Cep, Uf, Ie)
values
    ('01', 'Miguel', 'Rua dos Carijós', 'Belo Horizonte', '30120060', 'MG', '485.858.630.577'),
    ('02', 'Arthur', 'Rua Carlos Augusto Cornelsen', 'Curitiba', '80520560', 'PR', '116.083.579.617'),
    ('03', 'Gael', 'Travessa da CDL', 'Ji-Paraná', '76900032', 'RO', '233.349.644.340'),
    ('04', 'Heitor', 'Avenida Esbertalina Barbosa Damiani', 'São Mateus', '29946490', 'ES', '272.649.965.950'),
    ('05', 'Helena', 'Rua Arlindo Nogueira', 'Teresina', '64000290', 'PI', '121.146.111.819'),
    ('06', 'Alice', 'Rua Tenente-Coronel Cardoso', 'Campos dos Goytacazes', '28035042', 'RJ', '878.943.443.000'),
    ('07', 'Theo', 'Rua Barão de Vitória', 'Diadema', '09961660', 'SP', '080.822.020.690'),
    ('08', 'Laura', 'Avenida Rio Branco', 'Rio de Janeiro', '20040002', 'RJ', '740.818.297.422'),
    ('09', 'Davi', 'Rua Frederico Moura', 'Franca', '14401150', 'SP', '378.169.130.956'),
    ('10', 'Gabriel', 'Rua Arlindo Nogueira', 'Teresina', '64000290', 'PI', '017.666.656.661'),
    ('11', 'Bernardo', 'Avenida Almirante Maximiano Fonseca', 'Rio Grande', '96204040', 'RS', '922.059.256.882'),
    ('12', 'Heloísa', 'Rua Paracatu', 'São Paulo', '04302021', 'SP', '859.697.079.275'),
    ('13', 'Valentina', 'Avenida Afonso Pena', 'Belo Horizonte', '30130005', 'MG', '913.223.298.510'),
    ('14', 'Alice', 'Rua Cristiano Olsen', 'Araçatuba', '16015244', 'SP', '883.563.060.819'),
    ('15', 'Sophia', 'Rodovia Raposo Tavares', 'Cotia', '06709015', 'SP', '011.905.278.654');

insert into produto
    (CodProduto, Descricao, ValorUnitario)
values
    ('01', 'Arroz', 12.3),
    ('02', 'Feijão', 8.3),
    ('03', 'Macarrão', 5.2),
    ('04', 'Creme de leite', 3.8),
    ('05', 'Leite', 6.0),
    ('06', 'Sal', 4.0),
    ('07', 'Sabão', 30.0),
    ('08', 'Farinha', 2.90),
    ('09', 'Desinfetante', 5.8),
    ('10', 'Creme dental', 2.3),
    ('11', 'Papel higiênico', 10.5),
    ('12', 'Detergente', 3.99),
    ('13', 'Fio dental', 4.3),
    ('14', 'Café', 8.99),
    ('15', 'Fósforo', 1.99),
    ('16', 'Álcool', 7.3);

insert into pedido
    (CodPedido, PrazoEntrega, DataPedido, CodCliente, CodVendedor)
values
    ('01', '2022/08/13', '2022/07/11', '1', '1'),
    ('02', '2022/08/13', '2022/07/11', '1', '1'),
    ('03', '2022/08/13', '2022/07/11', '1', '1'),
    ('04', '2022/08/13', '2022/07/11', '1', '2'),
    ('05', '2022/08/13', '2022/07/11', '1', '2'),
    ('06', '2022/08/13', '2022/07/11', '2', '2'),
    ('07', '2022/08/13', '2022/07/11', '2', '3'),
    ('08', '2022/08/13', '2022/07/11', '2', '3'),
    ('09', '2022/08/13', '2022/07/11', '2', '3'),
    ('10', '2022/08/13', '2022/07/11', '3', '4'),
    ('11', '2022/08/13', '2022/07/11', '3', '4'),
    ('12', '2022/08/13', '2022/07/11', '3', '4'),
    ('13', '2022/08/13', '2022/07/11', '3', '5'),
    ('14', '2022/08/13', '2022/07/11', '4', '5'),
    ('15', '2022/08/13', '2022/07/11', '4', '5'),
    ('16', '2022/08/13', '2022/07/11', '4', '6'),
    ('17', '2022/08/13', '2022/07/11', '4', '6'),
    ('18', '2022/08/13', '2022/07/11', '5', '6'),
    ('19', '2022/08/13', '2022/07/11', '5', '7'),
    ('20', '2022/08/13', '2022/07/11', '5', '7'),
    ('21', '2022/08/13', '2022/07/11', '10', '7'),
    ('22', '2022/08/13', '2022/07/11', '10', '8'),
    ('23', '2022/08/13', '2022/07/11', '10', '8'),
    ('24', '2022/08/13', '2022/07/11', '10', '8'),
    ('25', '2022/08/13', '2022/07/11', '10', '9'),
    ('26', '2022/08/13', '2022/07/11', '10', '9'),
    ('27', '2022/08/13', '2022/07/11', '13', '9'),
    ('28', '2022/08/13', '2022/07/11', '13', '10'),
    ('29', '2022/08/13', '2022/07/11', '13', '10'),
    ('30', '2022/08/13', '2022/07/11', '13', '10'),
    ('31', '2022/08/13', '2022/07/11', '13', '11'),
    ('32', '2022/08/13', '2022/07/11', '11', '11'),
    ('33', '2022/08/13', '2022/07/11', '11', '11'),
    ('34', '2022/08/13', '2022/07/11', '11', '12'),
    ('35', '2022/08/13', '2022/07/11', '11', '12'),
    ('36', '2022/08/13', '2022/07/11', '11', '12'),
    ('37', '2022/08/13', '2022/07/11', '7', '13'),
    ('38', '2022/08/13', '2022/07/11', '7', '13'),
    ('39', '2022/08/13', '2022/07/11', '7', '13'),
    ('40', '2022/08/13', '2022/07/11', '7', '14'),
    ('41', '2022/08/13', '2022/07/11', '7', '14'),
    ('42', '2022/08/13', '2022/07/11', '7', '14');

insert into itemPedido
    (CodItemPedido, CodPedido, CodProduto, Quantidade)
values
    ('01', '01', '01', '3'),
    ('02', '02', '03', '7'),
    ('03', '03', '03', '5'),
    ('04', '04', '03', '6'),
    ('05', '05', '04', '3'),
    ('06', '06', '04', '5'),
    ('07', '07', '05', '6'),
    ('08', '08', '05', '1'),
    ('09', '09', '05', '2'),
    ('10', '10', '16', '3'),
    ('11', '11', '14', '5'),
    ('12', '12', '11', '10'),
    ('13', '13', '11', '8'),
    ('14', '14', '11', '10'),
    ('15', '15', '02', '11'),
    ('16', '16', '02', '7'),
    ('17', '17', '02', '13'),
    ('18', '18', '02', '20'),
    ('19', '19', '02', '2'),
    ('20', '20', '02', '4'),
    ('21', '21', '02', '1'),
    ('22', '22', '15', '17'),
    ('23', '23', '15', '15'),
    ('24', '24', '15', '13'),
    ('25', '25', '11', '13'),
    ('26', '26', '08', '8'),
    ('27', '27', '08', '9'),
    ('28', '28', '08', '2'),
    ('29', '29', '08', '1'),
    ('30', '30', '08', '2'),
    ('31', '31', '08', '1'),
    ('32', '32', '09', '10'),
    ('33', '33', '09', '11'),
    ('34', '34', '09', '12'),
    ('35', '35', '09', '9'),
    ('36', '36', '09', '7'),
    ('37', '37', '09', '9'),
    ('38', '38', '10', '8'),
    ('39', '39', '10', '14'),
    ('40', '40', '10', '12'),
    ('41', '41', '10', '13'),
    ('42', '42', '10', '17');